category,question,answer
General,What is CodeLab?,"CodeLab is a connected toolkit of four AI projects: a language translator, this FAQ chatbot, an LSTM music generator and an object detection and tracking system."
General,What can I do with this toolkit?,"You can translate text between 15 languages, ask questions about the toolkit, generate Bach-style music, and detect and track objects in video. The hub can also chain them together."
General,Which programming language and libraries does it use?,"Everything is written in Python 3.10+. It uses Streamlit for interfaces, scikit-learn and NLTK for the chatbot, PyTorch and music21 for music, and OpenCV with SciPy for tracking."
General,How do I install the project?,"Create a virtual environment, then run pip install -r requirements.txt from the repository root."
General,How do I run the full demo?,"Run python main.py demo. It tracks a demo video, translates what it saw, and composes music from the scene."
General,Is this free to use?,"Yes. The project is released under the MIT licence, so you can use, modify and share it freely."
Translator,Which languages can the translator handle?,"It supports 15 languages including English, Indonesian, Spanish, French, German, Italian, Portuguese, Japanese, Korean and Chinese, plus automatic source detection."
Translator,Which translation API does it use?,"It tries Google Cloud Translation first, then Microsoft Translator, then a keyless Google endpoint, and finally a bundled offline lexicon, using the first one that works."
Translator,How do I set up my Google or Microsoft API key?,"Copy .env.example to .env and fill in GOOGLE_TRANSLATE_API_KEY or MICROSOFT_TRANSLATOR_KEY. Keys are optional because the app falls back to other providers."
Translator,Why is my translation only word for word?,"That means the offline lexicon was used because no online provider was reachable. Add an API key or check your internet connection for full sentence translation."
Translator,Can the translator read the text aloud?,"Yes. The web app has a Listen button that uses gTTS text-to-speech, and a Copy button to copy the result."
Translator,How do I translate from the command line?,"Run python Task1/cli.py \"hello world\" -t id, adding --offline to skip network providers."
Chatbot,How does the FAQ chatbot find answers?,"It cleans and stems your question, turns it into TF-IDF vectors and returns the FAQ with the highest cosine similarity."
Chatbot,What happens when the chatbot does not know the answer?,"If the similarity is too low it says so and suggests the closest questions instead of guessing."
Chatbot,Can I add my own FAQs?,"Yes. Add rows to Task2/data/faqs.csv with category, question and answer columns, then restart the chatbot."
Chatbot,How do I start the chat interface?,"Run streamlit run Task2/app.py for the web chat, or python Task2/cli.py for the terminal version."
Music,How does the music generator work?,"An LSTM neural network learns chord and duration sequences from Bach chorales and then samples new sequences one step at a time."
Music,Where does the training data come from?,"From the Bach chorale collection bundled with music21, so no download is needed."
Music,How do I train the model?,"Run python Task3/cli.py train. A small checkpoint trains in a few minutes on a CPU."
Music,How do I generate a new piece?,"Run python Task3/cli.py generate --length 64 --temperature 0.9. It writes a MIDI file and a playable WAV file."
Music,What does temperature mean for generation?,"Temperature controls randomness. Low values play it safe and repeat patterns, while high values are more adventurous and less predictable."
Music,Can I play the generated music?,"Yes. Each run saves a .mid file for any MIDI player or editor and a .wav file that plays anywhere."
Tracking,How does object tracking work?,"Each frame is passed to a detector, then a SORT tracker with Kalman filters and Hungarian matching gives every object a persistent ID."
Tracking,Can I use my webcam?,"Yes. Run python Task4/cli.py --source 0 --show to use the default webcam, or pass a video file path instead."
Tracking,Which detection models are supported?,"YOLO through the ultralytics package, or a lightweight OpenCV motion detector that needs no model download."
Tracking,How do I run tracking on a video file?,"Run python Task4/cli.py --source your_video.mp4 --output tracked.mp4 to save an annotated video."
Tracking,What is SORT?,"SORT stands for Simple Online and Realtime Tracking. It predicts each object's next position with a Kalman filter and matches predictions to new detections."
Tracking,Why do object IDs sometimes change?,"IDs can change after long occlusions or missed detections. Raising max_age keeps tracks alive longer, at the risk of mixing up objects."
Hub,How do the four tasks work together?,"The hub tracks objects in a video, translates the object names into another language, and turns the scene's objects and motion into a melody."
Hub,Can I talk to all the tools from one place?,"Yes. Run python main.py chat and ask to translate text, compose music, describe the demo scene, or ask any question about the toolkit."
